{"R2": 0.22968721507241208, "MSE": 0.7709878929047392, "MAE": 0.6774646456269585, "RMSE": 0.8780591625310559}